{
    "harddice": 1.0,
    "hausd": 20.039024427351748,
    "jdlessthan0": 3.198785057353312e-08,
    "jdstd": 3.198785057353312e-08,
    "mse": 8.395156328333542e-05,
    "softdice": 0.9923490537330508,
    "softdiceloss": 0.007650946266949177
}