{
    "harddice": 1.0,
    "hausd": 11.858541225631422,
    "jdlessthan0": 1.855024194205127e-08,
    "jdstd": 1.855024194205127e-08,
    "mse": 2.5926002664156123e-11,
    "softdice": 0.9999999914850504,
    "softdiceloss": 8.514949634275126e-09
}