{
    "harddice": 1.0,
    "hausd": 11.858541225631422,
    "jdlessthan0": 1.4715851613855252e-08,
    "jdstd": 1.4715851613855252e-08,
    "mse": 1.6349787843039643e-11,
    "softdice": 1.0000000212873736,
    "softdiceloss": -2.1287373641598606e-08
}